id,album_name,song_name,issue_date,year,lyrics
801,스페셜 (노래애미친남자+명품가요),어느 60대 노부부 이야기,20120914,2012,N/A
802,The Downward Spiral,Heresy,19940308,1994,"he sewed his eyes shut because he is afraid to see
he tries to tell me what i put inside of me
he's got the answers to ease my curiosity
he dreamed up a god and called it christianity
your god is dead and no one cares
if there is a hell i will see you there
he flexed his muscles to keep his flock of sheep in line
he made a virus that would kill off all the swine
his perfect kingdom of killing, suffering and pain
demands devotion atrocities done in his name
your god is dead and no one cares
drowning in his own hypocrisy
and if there is a hell i will see you there
burning with your god in humility
will you die for this?"
803,Tropical Lullaby,Kalua Lullaby,20040901,2004,N/A
804,Waiting For Benny - A Tribute To Benny Goodman,Stravinsky : 3 Pieces For Solo Clarinet - II. Quarter Note = 168 (스트라빈스키 : 클라리넷 독주를 위한 3개의 소품 - 2번),20130429,2013,N/A
805,EP1,Knew Better,20181116,2018,N/A
806,Last Finale,Jesus Love You (Feat. 이동원),20180813,2018,"예수를 왜 믿는거니
수많은 사람들 내게물을때
내가 할 한마디
예수를 왜 믿는거니
모두 비웃으며 내게 말할때
난 전하리
오 주
생명의 그이름
능치못하심이 없네
Jesus loves you
한없이 큰사랑
깊은상처 고쳤네
날마다 새 삶을 주셨네
Jesus loves you
네 맘을 지키고
항상너와 함께해
잊지마 언제나
Jesus loves you
교회는 왜 가는거니
수많은 친구들 내게 물을때
내가 할 한마디
교회는 왜 가는거니
한심한듯 하며 날 바라볼때
난 전하리
오 주
부활의 그 이름
영원한 생명 주셨네
Jesus loves you
한없이 큰사랑
깊은 상처 고쳤네
언제나 주님만 따르길 원해
온전히 주님만 날 쉬게해
Jesus loves you
네맘을 지키고
항상너와 함께해
잊지마 언제나
Only you
Jesus loves you
다른길은 없네
Only you
Jesus loves you
주만 따라가리
Always
No way
Jesus loves you
한없이 큰사랑
깊은 상처 고쳤네
언제나 주님만 따르길 원해
온전히 주님만 날 쉬게해
Jesus loves you
네맘을 지키고
항상너와 함께해
잊지마 언제나
Jesus loves you"
807,Rainy,Shiny Day (Feat. 여미),20081126,2008,N/A
808,Sesh,Talk My Shit,20190215,2019,N/A
809,Universe,The Alchemist,20170202,2017,"거울 속 내 모습 보다가
문득 내가 다른 사람 같아
나도 모르는 모습을 만들어
그 안에 난 누구일까
나 아닌 것에 맞추려다
서서히 잃어가는 것 같아
뭐가 진짜 나인지 모르겠어
무서워 내가 사라질까봐
No one's an alchemist
There is no alchemist
그 모든 게 나니까
우린 돌아오니까
우린 돌아오니까
밤하늘 별들을 보다가
이름 모를 공허함에 잠겨
살아가는 건 무언 갈 얻으려
잃어가는 과정일까
너무 많은 걸 바꾸려다
부질없는 일임을 또 느껴
정해진 건 움직이지 않는걸
알면서 잡아도 괜찮을까
No one's an alchemist
There is no alchemist
그 모든 게 나니까
우린 돌아오니까
우린 돌아오니까
지난 겨울 진 꽃이
오늘은 피겠지
어젯밤에 진달이
오늘도 뜨겠지
그 모든 게 나니까
우린 돌아올 거야
No one's an alchemist
There is no alchemist"
810,Piano Meditation Part.2,사랑해서 사랑에서,20160223,2016,N/A
811,우리동네 사람들 하나,우리 동네 사람들,19941200,1994,"하루종일 심심해
또 하루 지나도 마찬가지야
출근길 만원버스
창가자리로 서니
오늘도 만나는 심심한 눈빛들
그틈에 나 또한 그런 표정으로
차창밖 여자들만 세어본다

하루종일 심심해
또 하루 지나도 마찬가지야
그다지 다르지 않은
오늘 또 하루를
더 새로운 마음으로 시작해

점심시간 함께하는
똑같은 얼굴들
어제와 비슷한 이야기들
그렇게 서로를 확인하며
벌써 해는 서쪽으로 기울었다

기다리던 퇴근 시간
켜지는 가로등
오늘은 누구를 만날까
여기저기 전화벨을 울려봐도
지겨운 목소리만 들리네
들리네
하루종일 심심해
또 하루 지나도 마찬가지야
그다지 다르지 않은
오늘 또 하루를
더 새로운 마음으로 시작해

끝없이 흘러간 또 하루가
억울해 무작정 걷다보니
집에서 기다리는 식구들 모습
또 다른 또 하루로 날 떠미네

이제 노래도 지루해
또 불러보아도 마찬가지야
그래도 노래하면 덜 심심하니
더 새로운 마음으로 노래해"
812,Todokanai Koi `13 (Single),さよならのこと / Sayonarano Koto (안녕이라는것),20131127,2013,"忘れられない 無邪？な？

와스레 라레나이 무쟈키나 코에

잊어지지 않는 천진난만한 목소리



今も色褪せずに

이마모 이로 아세즈니

지금도 퇴색하지 않은 채



？しい日？が ？していた 小さな想いを

타노시이 히비가 카쿠시테 이타 치이사나 오모이오

즐거운 날들이 숨기고 있었던 수줍은 마음을



でもね このしあわせ 疑いもしないで

데모네 코노 시아와세 우타가이모 시나이데

하지만 , 이 행복을 의심도 하지 않고



「さよなら」なんて言葉の意味を習わなかった

「사요나라」나은테 코토바노 이미오 나라와 나카앗타

「이별」이라는 말의 의미를 알려고 하지도 않았어



もう夢じゃなくて そうこの世界に

모오 유메쟈 나쿠테 소오 코노 세카이니

이제는 꿈이 아닌 , 이 세계에



あの時のように素直に

아노 토키노 요오니 스나오니

그때 처럼 솔직하게



ただ泣いて泣いた日？はどこにもない

타다 나이테 나이타 히비와 도코니모 나이

그저 울고 울었던 날들은 어디에도 없어



ねえ僕たちにはたどり着けない場所に

네에 보쿠타치니와 타도리 츠케나이 바쇼니

우리에게는 닿을 수 없는 장소에



答えがあったのかな

코타에가 아앗타노 카나

대답이 있었던 걸까



君と出？わなければつらくないのに

키미토 데아와 나케레바 츠라쿠 나이노니

너와 만나지 않았더라면 괴롭지 않았을 텐데



？人たちの ささやか？

코이비토 타치노 사사야카 코에

연인들의 속삭이는 목소리는



街をあたためてく

마치오 아타타 메테쿠

거리를 따스하게 했어



？しい日？は ？していた 深い悲しみも

타노시이 히비와 카쿠시테 이타 후카이 카나시미모

즐거운 나날 속에 감추고 있었던 깊은 슬픔도



でもね このしあわせ

데모네 코노 시아와세

그렇지만 이 행복은



まわりが見えなくて

마와리가 미에나쿠테

나의 주변에선 보이지 않아서



「さよなら」のこと置き去りのままはしゃぎすぎてた

「사요나라」노 코토 오키자리노 마마 하샤기스기 테타

「이별」에 대해선 내버려 둔채 너무 들떠 있었어



まだ夢の中で そう信じたくて

마다 유메노 나카데 소오 시은지타쿠테

아직 꿈 속에선 그렇게 믿고 싶었지만



夢からもう？めているのに

유메카라 모오 사메테 이루노니

이제는 꿈에서 깨어나있어



ただ笑って笑った日？はどこにもない

타다 와라앗테 와라앗타 히비와 도코니모 나이

하염없이 웃고 웃었던 날들은 이제 어디에도 없어



でもあの場所には間違いじゃない

데모 아노 바쇼니와 마치가이 쟈나이

하지만 그 장소임이 틀림없어



確かに笑顔の僕らがいた

타시카니 에가오노 보쿠라가 이타

제대로 미소짓는 우리들이 있었어



君と出？わなければつらくないのに

키미토 데아와 나케레바 츠라쿠 나이노니

너와 만나지 않았더라면 괴롭지 않았을 텐데



また冬が？る

마타 후유가 쿠루

다시 겨울이 와



僕たちのためじゃない ？する人たちに

보쿠타치노 타메쟈 나이 코이스루 히토타치니

우리들을 위해서가 아닌 사랑하는 사람들에게



もう夢じゃなくて そうこの世界に

모오 유메쟈 나쿠테 소오 코노 세카이니

이제는 꿈이 아닌 , 이 세계에



あの時のように素直に

아노 토키노 요오니 스나오니

그때 처럼 솔직하게



ただ泣いて泣いた日？はどこにもない

타다 나이테 나이타 히비와 도코니모 나이

그저 울고 울었던 날들은 어디에도 없어



ねえ僕たちにはたどり着けない場所に

네에 보쿠타치니와 타도리 츠케나이 바쇼니

우리에게는 닿을 수 없는 장소에



答えがあったのかな

코타에가 아앗타노 카나

대답이 있었던 걸까



君に出？えないなんてイヤだと？付いた

키미니 데아에 나이 나은테 이야다토 키즈이타

너와 만날 수 없다는 걸 깨달았던



冬

후유

겨울"
813,Outsiders,Dealer,20171114,2017,N/A
814,Someone To Love You,Someone To Love You,20020514,2002,"I betcha that
I could read your mind
And tell you everything
you're going through
Baby I cry to find
a thousand reasons why
You're alone and acting so cold
Tell me how long you've been this way
Maybe I can open up your heart
See I've been waiting all
my life for someone just like you
And I know you've been waiting too
For someone to love you
All you need is someone who cares
Someone who will always be there
All you need is to say is
that you want me to be with you
Girl I know you waited so long
For someone to love you

Baby I wish I could be there
For every time you ever shed a tear
Baby I hate to see a pretty girl
like you Going through the
things that you do yeah
Girl I think you've
gone for far too long
Without a good man to make you smile
Now how can I appeal to you
and make you understand
That I'm here
what are you waiting for
Someone to love you
All you need is someone who cares
Someone who will always be there
All you need is to say is
that you want me to be with you
Girl I know you waited so long
For someone to love you
Maybe you've been waiting for
a man from all your fairy tales
Or maybe just a man
from all your dreams
Try and think reality
enjoy the possibilities cause girl
you now you've waited so long
For someone to love you you you
you you You waited oh so long
All you need is someone to care
Someone who will always be there
All you need is someone to care
Someone who will always be there
All you need is someone to care
Someone who will always be there
All you need is someone to care
Someone who will always be there"
815,김현식 3집,떠나가 버렸네,19861205,1986,"그대 내 맘에서
떠나가 버렸네
사랑을 남긴 채
그대 내 맘에서
떠나가 버렸네
아쉬움 남긴 채
외로운 이내 마음에
사랑을 남긴 채
떠나가 버렸네
내 맘속에 그대는
떠나가 버렸네
사랑했던 그대는
그대 내 맘에서
떠나가 버렸네
사랑을 남긴 채
그대 내 맘에서
떠나가 버렸네
아쉬움 남긴 채
내 마음 깊은 그곳에
사랑을 남긴 채
떠나가 버렸네
내 맘속에 그대는
떠나가 버렸네
사랑했던 그대는
떠나가 버렸네
내 맘속에 그대는
떠나가 버렸네"
816,로맨스 타운 OST,잘될 거야,20110715,2011,N/A
817,불야성 OST,CITY OF BLINDING LIGHT,20170125,2017,N/A
818,Shall We Dance?,Comes Love,20021001,2002,N/A
819,"Trio Music, Live In Europe","Prelude No. 2, Mock Up",20081104,2008,N/A
820,영화속 주옥 같은 OST 테마음악,Romance (금지된장난),20110706,2011,N/A
821,Weather or Not,Throw It All Away,20180126,2018,N/A
822,불면증을 치유할 숙면 클래식 테라피,Schumann : Kinderszenen Op.15 - XIII. Der Dichter Spricht (슈만 : 어린이의 정경 작품번호 15 - 13번. 시인의 이야기),20150313,2015,N/A
823,19.9,사소한 고백,20150323,2015,"만나서 하고 싶은 얘기도 많고
사랑해 말도 직접 하고 싶은데
어딜 가서 이런 얘기를 할지
하도 많아서 정말 답답해
사실 요즘 고민이 많아
어디서부터 얘길 꺼내야할지
이런 말하기까지가 나 사실
쉽지는 않았어
미안해 고마워 사랑해
너에게 가장 듣고 싶은 말
오늘은 말해줄래
용기 내 말하는 건데
이건 내 사소한 고백이야
미안해 고마워 사랑해
미안해 고마워 사랑해
너에게 가장 하고 싶은 말
이제는 들어줄래
용기 내 말하는 건데
이건 내 사소한 고백
이건 내 사소한 고백
이건 내 사소한 고백이야"
824,Just Like (Remixes),Just Like (CRNKN Remix),20150423,2015,N/A
825,Bossa Nova Breeze Part.1,Voce E Eu,20160405,2016,N/A
826,Born To Play Guitar,Thick Like Mississippi Mud,20150731,2015,"The whiskey and the women
They can drop you to your knees
Hey I say good whiskey and the women
They can drop you to your knees
Man been hunting lord
Since Adam got a hold of Eve
Some people think I'm stone crazy
They think I've lost my mind
Some people think I'm crazy
But I'm doing just fine
Nobody wants to break their own rules
But they have no problem breaking mine
I've been around the world
I know, I know the world is round
I've been around the world
Hey I know the world is around
You know those blues have took my life
And turned it upside down
The smoke is getting thick
Thick like Mississippi mud
Oh the smoke is getting thicker
Thick like Mississippi mud
That's how many people at his party
Ohhh I can't even get drunk
I've been around the world
I know, I know the world is round
I've been around the world
Hey I know the world is around
You know those blues have took my life
And turned it upside down"
827,Saxofonica,Saxofonica (Original Mix),20161125,2016,N/A
828,5 Seconds Of Summer (Deluxe),Good Girls,20140630,2014,"Do do do d do do do do do do
She's a good girl
She's Daddy's favourite
He's saved for Harvard
He know she'll make it
She's good at school
She's never truant
She can speak French
I think she's fluent
'Cause every night
she studies hard in her room
At least that's what her
parents assume
But she sneaks out the window
to meet with her boyfriend
Here's what she told me
the time that I caught 'em
She said to me
Forget what you thought
'Cause good girls are bad girls
that haven't been caught
So just turn around
and forget what you saw
'Cause good girls are bad girls
that haven't been caught
Whoa oh oh oh oh whoa oh
Good girls are bad girls
that haven't been caught
Whoa oh oh oh oh whoa oh
Good girls are bad girls
that haven't been caught
She's a good girl
A straight A student
She's really into
All that self improvement
I swear she lives in that library
But if you ask her she'll say
That's where you'll find me
But if you look then
you won't find her there
She may be clever
but she just acts too square
'Cause in the back of the room
where nobody looks
She'll be with her boyfriend
She's not reading books
She said to me
Forget what you thought
'Cause good girls are bad girls
that haven't been caught
So just turn around
and forget what you saw
'Cause good girls are bad girls
that haven't been caught
Do do do d do do do do do do
Good girls are bad girls
and good girls are bad girls
Do do do d do do do do do do
Good girls are bad girls
and good girls are bad girls
She's a good girl
Hasn't been caught
She's a good girl
Hasn't been caught caught caught
caught caught caught caught caught
She said to me
Forget what you thought
'Cause good girls are bad girls
that haven't been caught
So just turn around
and forget what you saw
'Cause good girls are bad girls
that haven't been caught
She said to me
Forget what you thought
'Cause good girls are bad girls
that haven't been caught
So just turn around
And forget what you saw
'Cause good girls are bad girls
that haven't been caught
Whoa oh oh oh oh whoa oh
Good girls are bad girls
that haven't been caught
Whoa oh oh oh oh whoa oh
Good girls are bad girls
that haven't been caught
Whoa oh oh oh oh whoa oh
Whoa oh oh oh oh whoa oh
Good girls are bad girls
that haven't been caught"
829,(Paint It H.E.R),내사랑 안녕,20150420,2015,"우리의 시간 before sunset
여기까지란 말로
서로 추억을 꺼내
헤어지지 않았어도
want you turn back
from heart to head
너의 전불 기억해
always focus on you
떨어져도 너와 가까워졌어
엄청나 너와 나만이 아는 대화
보기전까진 보고싶을꺼야 맨날
하늘로 연결된 너의 목소리엔
천재가 된듯 기분이 다풀린듯해
기억나 우리 시간속을 걸어
짧게 나마 우리가 함께 걸었던
때론 기다리다 지쳐 가도
노래따라 우리는 안 그럴꺼라고
저공원의 키스하는 커플을 봐도
1년뒤엔 모두
우릴 부러워 할꺼라고
내사랑 안녕
니가 어디에 있어도 안녕
어디있어도 내사랑 안녕
네가 내곁에 없어도 안녕 안녕
내 기억의 무겐 점점더 무거워
안녕이라 외쳤던
제목따라 슬퍼졌어
아름다운 기억은 여전해
근데 그 기억에
자꾸 그기억만 더해
널 본 순간부터 내사랑은 안녕
근데 이제 볼수 없어진
내사랑 안녕
1절의 기억은 아직 내맘에
오늘도 눈을 떠보면 아직 내 안에
어쩌면 우린 당연한건지도 몰라
지금 감사의 의미는 난 뭔지 몰라
서로가 이제 너와나
너와나는 반대로 서로가
이건 다른 의미의 before sunset
다시 반갑게
맞이해주는 너를 볼래
이노랠 부를땐 널생각해
이노랠 부르지 않을 때까진
널생각해
내사랑 안녕
니가 어디에 있어도 안녕
어디있어도 내사랑 안녕
네가 내곁에 없어도 안녕
하루하루 마주보면서
웃음짓던 그자리에
이제는 홀로남아
너를 그려보고 있어
나와같지 않을까
용기내 전활 들어봐도
아무것도 못한채
한숨만 되내이고 있어
내사랑 안녕
니가 어디에 있어도 안녕 안녕"
830,In Love (Jose AM & Jack Mazzoni Remix),In Love (Jose AM & Jack Mazzoni Remix),20170210,2017,N/A
831,A Real Live Dead One,2 Minutes To Midnight,19980914,1998,"Kill for gain or shoot to maim
But we don't need a reason
The golden goose is on the loose
And never out of season
Some blackened pride still burns inside
This shell of bloody treason
Here's my gun for a barrel of fun
For the love of living death.

The killers breed or the Demon's seed,
The glamour, the fortune, the pain,
Go to war again, blood is freedom's stain
But don't you pray for my soul anymore.

2 minutes to midnight,
The hands that threaten doom.

2 minutes to midnight,
To kill the unborn in the womb.

The blind men shout let the creatures out
We'll show the unbelievers.
The Napalm screams of human flames
Of a prime time Belsen Feast.....Yeah!
As the reasons for the carnage cut their meat and lick the gravy,
We oil the jaws of the war machine and feed it with out babies.

The killers breed or the Demon's seed,
The glamour, the fortune, the pain,
Go to war again, blood is freedom's stain
But don't you pray for my soul anymore.

2 minutes to midnight,
The hands that threaten doom.
2 minutes to midnight,
To kill the unborn in the womb.

The body bags and little rags of children torn in two
And the jellied brains of those who remain to put the finger right on you,
As the Madmen play on words and make us all dance to their song,
To the tune of starving millions to make a better kind of gun.

The killers breed or the Demon's seed,
The glamour, the fortune, the pain,
Go to war again, blood is freedom's stain
But don't you pray for my soul anymore.

2 minutes to midnight,
The hands that threaten doom.
2 minutes to midnight,
To kill the unborn in the womb.

Midnight...all night"
832,Sweet Impact,So Real (ArmySlick`s Scratch Build Vocal),20070425,2007,"쟈난데손나카오시테타노
모요시테난데모나이나라시
메킷타키미노헤야와마루데
PRISM 맛쿠라나파라다이스
나이트쟈키레나이야미오
카케 네무이메오사마세
리아루나키미데인쟈나이
유메난카미나이데이
키미와키미데이이
신코큐시테토비다소 잇사이갓사이
부치깃테 멘도나코토와아토데

도스루노 햐쿠만넨맛테이루노
쿄마데모쿠효니모나이노
아시타모쿄토오나지데모이이노
소난데이와케나이
Cry 키코에테루키미노코에
제츠보난다 아나타
우마레타히오모이다소
잇쇼켄메닷타쟈나이
켓코간밧테타쟈나이
무네니다이테루키모치와
크레이지닷테 펑키닷테
젠젠돈돈시테레바이
와타시모히토리다요
키미다케쟈나이요
데모키즈리가메오토지나케랴
히토리니난카나라나이

다레니모나라나쿠테이
도아오케리야붓테사오의데
리아루나키미오이키로
나이테모 와랏테모 Yeah
키미와키미시카이나이
신코큐시테토비다소 잇사이갓사이
부치깃테멘도 나코토와아토데"
833,Lights And Sounds,Two Weeks From Twenty,20060124,2006,"Jimmy wasn't really popular
He had a couple of friends
back home
And sooner or later
they're all getting out
so he had to join up alone
He was dreaming of
the ivory league
since he was only
three feet tall
And get the hell out of jersey
and then he would never
look back at all
And then your heroes say
That miles away
We lost another one
that we sent with a gun
They're gonna miss him
he was two weeks from twenty
and there's still no shame
From the man to blame
Jimmy never had a reason
to stay
Cos all the factories
shut down
All he had was a line
for his name
So he could sign away
his right to be proud
He tried to kiss her
on the way out the door
She just put her little hand
on his face
I don't understand
why you're leaving she said
But I hope your gonna ask me
to wait
And then your heroes say
That miles away
We lost another one
that we sent with a gun
His lady missed him
he was two weeks from twenty
and there's still no shame
From the man to blame

Jimmy's mother went to
Capitol Hill
So she could fill her heart
up with joy
Maybe shake a few hands
while she's there
and tell them thank you
sir for taking my boy
And then your heroes say
That miles away
We lost another one
that we sent with a gun
His mama missed him
he was two weeks from twenty
and there's still no shame
From the man to blame
No there's still no shame
And we're all to blame
We're all to blame
We're all to blame
We're all to blame
We're all to blame"
834,Classic Nuts Vol. 1,Props Over Here (Explicit Version),20101206,2010,N/A
835,Wildheart (Standard Ver.) (Explicit),FLESH,20150626,2015,"Savage and an angel, we call out in tantrum
Glad I kept on your throat, we would rather turn down
And I think she bankrupt
Breathe, breathe, fast
Flesh, addicted, yeah
I mean it, I'm a mess, now
I'm a slave to your flesh
Woman put me right where I belong
Skin on you is always
Calling me with your face
Wrap yourself around me, do whatever I say
Kiss me like a cream pie, sweet, sweet control
Flesh, addicted, yeah
I mean it, I'm a mess, now
I'm a slave to your flesh
Woman put me right where I belong
Fall on your faith like you faith for religion
The light in the way, you're begging for forgiveness
Lost summers here as we both bathe in sweet sin
Leave it to me, I'll give you something to believe in
Surrender to friction kiss me, kiss me, kiss me, kiss me
This is body language and deep diction
I love it, back for it, yeah, yeah, yeah
Flesh, addicted, yeah
I mean it, I'm a mess, now I'm a slave to your flesh
Woman put me right and wrap it all
Come here darling, help me tackle this darling
I don't wanna let go
All of a sudden baby, darling no"
836,Very,Liberation,20010604,2001,N/A
837,타요 인기동요 1 (영어),Finger Family,20170510,2017,N/A
838,Cbw (Crazy Black Woman),Cbw (Crazy Black Woman),20141029,2014,N/A
839,새콤 달콤 유아동요 베스트 300,기운이나요,20170428,2017,"아침 일찍 일어나 마당을 쓸면

잡곡밥도 맛있고 기운이 나요

이웃끼리 도와서 일을 하면

마음도 즐겁고 기운이 나요

(반복)"
840,"These Days (Feat. Jess Glynne, Macklemore & Dan Caplen) (Acoustic)","These Days (Feat. Jess Glynne, Macklemore & Dan Caplen) (Acoustic)",20180223,2018,N/A
841,7080 멋진 당신의 팝송 (수지 큐!!! 아빠를 위한 추억의 올드팝 베스트),Welcome To My World,20090113,2009,N/A
842,Money On Me (Feat. Anderson .Paak),Money On Me (Feat. Anderson .Paak),20160401,2016,N/A
843,야망의 함정 OST,Stars On The Water,19930101,1993,N/A
844,조희연 피아노 명곡집 3,Rubinstein : 2 Melodies Op.3 - Melody No.1 In F Major (루빈슈타인 : 2개의 멜로디 작품번호 3 - 멜로디 1번 바장조),20101015,2010,N/A
845,Kiss Me,헤어지면서,19981200,1998,"오랫동안 사귀었던
정든 내 친구야
작별이란 왠 말인가
가야만 하는가
나에겐 우리가 함께 한
모든 시간들이
이제는 끝났다는 것이
그 아픈 사실이 힘들구나
함께 한 그 많은 웃음과
또 함께 흘렸던 많은 눈물들이
이제는 우리의 미래를
이끌어 줄 큰 힘이 될꺼야
오랫동안 사귀었던
정든 내 친구야
작별이란 왠 말인가
가야만 하는가
우리가 처음 만난
그 날이 아직도 선한데
이별을 말하고 있는 걸
도무지 믿을 수가 없구나
언젠가 세월이 흘러서
헤어진 우리가 다시 만난다면
맘 속 깊이 간직했었던
우리의 얘기를 또 나누자
어딜간들 잊으리오
두터운 우리 정
다시 만날
그 날 위해 노래를 부르자

이별 이란 또 다른 만남을
위한 거랬죠
우리는 새로운 모습으로
더 멋진 모습으로
다시 만날걸 약속해요"
846,Disney Family Christmas Collection,Sleigh Ride,20131125,2013,N/A
847,The Way We Were,Thinking Of My Brother (오빠생각),20090908,2009,N/A
848,그 다음은 나도 몰라요 / 청풍명월,청풍명월,20100301,2010,"사람이 좋아보여서 그대가 좋아보여서

그렇게 시작한 이제는 끝이난 눈물만 남은 내사랑



좋은 사람 편한 사람 나만을 사랑해준 그 사람

아니죠 이제는 아니죠 모질게 변한 그 사람

사랑해서 정말 미안합니다 못잊어서 정말 죄송합니다

이제 그대 흔적을 지우렵니다 한때 나의 전부를



사랑이 정말 싫어서 그런 거 이젠 안해요

이렇게 말해도 다시 또 찾겠죠 그대와 닮은 사람을



좋은 사람 좋은 여자 되려면 아직 부족 했나요

그래요 내가 좀 그래요 그래서 그댈 보냈죠

사랑해서 정말 미안합니다 못잊어서 정말 죄송합니다

이제 그대 흔적을 지우렵니다 한때 나의 전부를



사랑만 남겨놓고 이별만 남겨놓고

그럼 난 어떡하나요



속절없이 사랑했나봅니다 나란여자 미련했나봅니다

이제 그대 뒤에서 바라봅니다 눈물로 바라봅니다

사랑해서 정말 미안합니다 못잊어서 정말 죄송합니다

이제 그대 흔적을 지우렵니다 한때 나의 전부를



모두 다 지우렵니다 깨끗히 잊겠습니다"
849,Discovery (Mastersound),Last Train To London,19790000,1979,"It was 9:29...
9:29, back street, big city
The sun was going down
There was music all around
It felt so right.

It was one of those nights
One of those nights
When you feel the world stop turning
You were standing there
There was music in the air
I should have been away
But I knew I had to stay

CHORUS:
Last train to London, just heading out
Last train to London, just leaving town
But I really want tonight to last forever
I really want to be with you
Let the music play on down the line tonight.

It was one of those nights
One of those nights
When you feel the fire burning
Everybody was there
Everybody to share
It was so right.

There you were on your own
Looking like you were the only one around
I had to be with you
Nothing else that I could do
I should have been away
But I knew I had to stay.

REPEAT CHORUS

Underneath a starry sky
Time was still but hours must really have rushed by
I didn't realize
But love was in your eyes
I really should have gone
But love went on and on.

REPEAT CHORUS

But I really want tonight to last forever
I really want to be with you
Let the music play on down the line tonight."
850,Brahms : Nelson Freire,Brahms : Piano Sonata No.3 In F Minor Op.5 - V. Finale (Allegro Moderato Ma Rubato) (브람스 : 피아노 소나타 3번 바단조 작품번호 5 - 5악장),20170825,2017,N/A
851,Varanasi,Varanasi (Original Mix),20170201,2017,N/A
852,Out To Lunch (The Rudy Van Gelder Edition),Out To Lunch (Rudy Van Gelder Edition) (1999 - Remaster),19990323,1999,N/A
853,Adam,Monolith,20150303,2015,N/A
854,Greatest Hits,Man On Your Mind,20140310,2014,N/A
855,The Downward Spiral,March Of The Pigs,19940308,1994,"Step right up march push
Crawl right up on your knees
Please greed feed (no time to hesitate)
I want a little bit i want a piece of it i think he's losing it
I want to watch it come down
Don't like the look of it don't like the taste of it don't like the smell of it
I want to watch it come down
All the pigs are all lined up
I give you all that you want
Take the skin and peel it back
Now doesn't that make you feel better?
Shove it up inside surprise! lies
Stains like the blood on your teeth
Bite chew suck away the tender parts
I want to break it up i want to smash it up i want to fuck it up
I want to watch it come down
Maybe afraid of it let's discredit it let's pick away at it
I want to watch it come down
Now doesn't that make you feel better?
The pigs have won tonight
Now they can all sleep soundly
And everything is all right"
856,Let`s Dance,Let`s Dance (Magic Mix),19910615,1991,N/A
857,The Advent,Brave Warriors,20170929,2017,N/A
858,Platform,Home,20150515,2015,N/A
859,Snoop Dogg Presents Bible of Love,You (Feat. Tye Tribbett),20180316,2018,"Okay are y'all ready
Turn it up Snoop
Yeah let's go to church like yah
Come on
everybody clap your hands
Listen up let me testify
how God's been good to me
He came through for me time after time
Even when I didn't believe
When my life took a real bad turn
He turned it for my good
He never left me
He never left me even thought I forgot
Just like He said He would
Here we go You are
You are the antidote
You're the healing for my soul
You are the remedy
You have been so good to me
You are my heart's desire
You're the reason for this burning fire
You are the friend in me
Everything God that
I ever need is in You You
You You
Everything I'll ever need is in You You
You You
Everything I'll ever need is in You You
You You
Everything I'll ever need is in You You
You You
Here we go Verse 2
Everybody's got a story to
tell how good You are
About how You're the great Redeemer
And You brought us out of the dark
No words can even describe
just how good You've been
So glad that I know
You and that You're deep within
You are the antidote
You're the healing for my soul
You are the remedy
You have been so good to me
You are my heart's desire
You're the reason for this burning fire
You are the friend in me
Everything God that
I'll ever need is in You You
You You
My life
my health and strength is in You You
You You
Every blessing every good thing
it's in You You
You You
Hallelujah it's in You You
You You
Everybody just clap your hands like
You You
You You
Father You're everything to me
All I need is You You
You You
You're my joy You're my peace
all I need is You You
You You
I gotta lift my hands and praise You You
You You
Now everybody raise your voice
with me and sing oh
Oh-oh oh-o-oh Everybody sing oh
Oh-oh oh-o-oh Everybody sing oh
Oh-oh oh-o-oh Everybody sing oh
Oh-oh oh-o-oh Yeah everybody sing oh
Oh-oh oh-o-oh
Oh-oh oh-o-oh"
860,FLIGHT LOG : TURBULENCE,아파,20160927,2016,"너에게 들을 수 없는 말
내 옆에만 있어 달란
니 말을 아직 기억해
상처 난 내 가슴은 왜 널 찾는 건지
넌 이제 나를 떠나 뭘 하든지
내가 생각나기를
나 없이 보내야 할 니 하루가
나만큼 슬프기를
왜 나만 혼자 아파
이렇게 온종일 너만 또 그리는지
깊이 파고 들어와
너의 그 행동 말투 하나
모든 게 다 또렷해져
바보 같은 내 가슴은
왜 자꾸 이러는 건지
내가 왜 이리 더 아픈지
도저히 난 잘 모르겠어
이해를 못 하는 표정이
날 아프게 해 난 너무 아파
너 없이 내 하룰 보내는 시간들이
너무 아파
너와 나 어떻게 이렇게 되었는지
너무 아파
너와 했던 모든 것들이 보여 난
내가 없이 행복해하는 널 보면
한쪽 가슴이 저려
지금의 그 사람과
난 불행하길 바래 더
넌 이제 나를 떠나 뭘 하든지
내가 생각나기를
나 없이 보내야 할 니 하루가
나만큼 슬프기를
왜 나만 혼자 아파
이렇게 온종일 너만 또 그리는지
깊이 파고 들어와
너의 그 행동 말투 하나
모든 게 다 또렷해져
바보 같은 내 가슴은
왜 자꾸 이러는 건지
내가 왜 이리 더 아픈지
도저히 난 잘 모르겠어
이해를 못 하는 표정이
날 아프게 해 난 너무 아파
너 없이 내 하룰 보내는 시간들이
너무 아파
너와 나 어떻게 이렇게 되었는지
너무 아파
넌 이제 나를 떠나 뭘 하든지
내가 생각나기를
너 없이 걷는 내가 너무 초라해 보여
왜 나만 혼자 아파
이렇게 온종일 너만 또 사랑하는지
하루하루 지나도 내 가슴이 또 아프고
근데 너는 아무렇지도 않지
함께 즐긴 순간들에 웃고 싸울 때는 울고
이런 추억들이 이젠 생각도 안 나겠지
이제 돌아갈 수 없는 길 갈수록
힘이 빠져 앞이 안 보이는 길
냉정과 열정 사이 정답이 뭘까
가슴이 머리보다 앞서는 걸 왤까
깊이 파고 들어와
너의 그 행동 말투 하나
모든 게 다 또렷해져
바보 같은 내 가슴은
왜 자꾸 이러는 건지
내가 왜 이리 더 아픈지
도저히 난 잘 모르겠어
이해를 못 하는 표정이
날 아프게 해 난 너무 아파
너 없이 내 하룰 보내는 시간들이
너무 아파
너와 나 어떻게 이렇게 되었는지
너무 아파
이건 네게 하는 말이야
니가 이 노랠 듣길"
861,옛날 사람 (Old Movie),옛날 사람 (Old Movie),20190424,2019,"어제와 같은 너를 만나고
언젠가부터 난 아무 말 없이
웃음만 반복해
편안함이 지겨웠었는지
사소한 일로 트집 잡고
그만하잔 말을 쉽게 또 했어
사랑해란 말도
아무 감정 없이 들릴 때
싸웠다 웃었다가
무뎌지게 될 때 생각하네
옛날 사람처럼 예전 영화처럼
흔한 끝이란 말보단
더 멋지게 두 손을 붙잡고
날 떠나도 돼
더 좋은 사람 만나 말은 해도
평생 날 생각해
날 잊지 못해 슬퍼하기를
사랑해란 말도
아무 감정 없이 들릴 때
싸웠다 웃었다가
무뎌지게 될 때 생각하네
옛날 사람처럼 예전 영화처럼
흔한 끝이란 말보단
더 멋지게 두 손을 붙잡고
날 떠나도 돼
더 좋은 사람 만나 말은 해도
평생 날 생각해
날 잊지 못해 슬퍼하기를
만약 너를 붙잡아
다시 만난다 해도 영원할 수 있을지
옛날 사람처럼 예전 영화처럼
흔한 끝이란 말보단
더 멋지게 두 손을 붙잡고
날 떠나도 돼
더 좋은 사람 만나 말은 해도
평생 날 생각해
날 잊지 못해 슬퍼하기를
날 잊지 못해 슬퍼하기를"
862,Reunion,Reunion,20170714,2017,N/A
863,Noel Gallagher&#39;s High Flying Birds,AKA...Broken Arrow (Album Version),20111017,2011,"Fallen Angel
the Broken Arrow
she comfort me and
ease my trouble mind
Shine a light out
into the shadows
all the world they made me
leave behind
Leave me in peace
I'm on the side of the angels
If I die in a dream
then let me live my life
But all the lies that
they have told me
they make me want to shiver
when I'm lost and I'm lonely
that's not going to ease my
troubled mind
She's rolling over
a misty morning
set the sail for where
the four winds blow
She a siren
and I'm a warning
Hear to say I never told you so
Leave me in peace
I'm on the side of the angels
If I die in a dream
then let me live my life
But all the lies that
they have told me
they make me want to shiver
when I'm lost and I'm lonely
that's not going to ease
my troubled mind
Leave me in peace
I'm all alone in my angel
she died in a dream
so I could live my life
But all the lies that
they have told me
they make me want to shiver
when I'm lost and I'm lonely
that's not going to ease my
troubled mind
that's not going to ease my
troubled mind
Fallen Angel
the Broken Arrow
she comfort me and
ease my trouble mind
Shine a light out
into the shadows
all the world they made me
leave behind"
864,The Ray`s Rainbow,Zoom In,20060725,2006,"정녕 그대가 사람이라 말할 수 있나요
그 예쁜 눈빛은 누가 줬죠
행여나 지금 그냥 지나쳐 보내버리면
아마 오늘 밤에 잠 못 들죠
I find you, I see you
참 지루하기 짝이 없던 난데
I want you, I need you
전혀 다른 세상 눈앞에 봤죠
I say you, I love you
나 여기 오길 정말 잘 했나 봐요
더 그대를 알고 싶은 맘 oh oh oh yeah
갑자기 그대 맘에 갑자기 그대 곁에
확 다가가도 놀라진 마요
막 이제 시작해요 날 멈출수도 없죠
혹 할 수 있음 달아나 봐요
누가 이렇게 내 맘에 쏙 들게 낳아 줬죠
그대 부모님께 감사해요
겉모습 하나 보고 던져 본 말이 아니라
벌써 그대 맘도 전부 봤죠
I find you, I see you
꽤 오랫동안 짝이 없던 난데
I want you, I need you
전혀 다른 세상 사람을 봤죠
I say you, I love you
나 자주 이럴거라 오핸 말아요
다 그대만 주고 싶은 맘 oh
갑자기 그대 맘에 갑자기 그대 곁에
확 다가가도 놀라진 마요
내가 다가간다 해도
막 이제 시작해요 날 멈출수도 없죠
혹 할 수 있음 달아나 봐요
yo find you I see you 넌 내 삶의 이유
그대 지켜줄게 그대 안겨봐 내 품속에
hold me tight now
오직 너만을 위해 사는 남자 받아줘
내 맘 자 그대 사랑해 사랑해 사랑해
수천번을 말해도 모자라네
난 세상에서 제일 행복한 남자라네라고
맨날 친구들한테 자랑해
너와 나 모두가 다 부러워 할 정도로
아름다운 이 얘기를 만들어가
널 잡은 손 절대 놓지 않을게 24-7 every day
내 사랑 너에게 내 사랑 너에게 이 내 마음 보낼게
yes I`m real I don`t wanna let you alone
I`m your man fo'sho (no doubt)
Let`s sing a song together
갑자기 그대 맘에 갑자기 그대 곁에
확 다가가도 놀라진 마요
내가 그대 곁으로
막 이제 시작해요 날 멈출수도 없죠
혹 할 수 있음 달아나 봐요
갑자기 그대 맘에 갑자기 그대 곁에
확 다가가도 놀라진 마요
막 이제 시작해요 날 멈출수도 없죠
혹 할 수 있음 달아나 봐요
갑자기 그대 맘에 갑자기 그대 곁에
확 다가가도 놀라진 마요"
865,Glory Of Green,Glory Of Green,20160419,2016,N/A
866,Imbecile,Sever,20170303,2017,N/A
867,Reckless Blues,Human,20200306,2020,N/A
868,Centuries (Originally Performed by Fall Out Boy) (Karaoke Ver.),Centuries (Vocal Mix),20150415,2015,N/A
869,Color,사랑할수록,20110620,2011,"한참 동안을 찾아가지 않은
저 언덕 넘어 거리에
오래전 그 모습 그대로
넌 서있을것 같아
내 기억보단 오래되버린 얘기지
널 보던 나의 그 모습
이제는 내가 널 피하려고 하나
언제가의 너처럼
이제 너에게 난 아픔이란걸
너를 사랑 하면 할 수록
멀리 떠나가도록
스치듯 시간의 흐름속에
내 기억보단
오래되버린 얘기지
널 보던 나의 그 모습
이제는 내가 널 피하려고 하나
언제가의 너처럼
이제 너에게 난 아픔이란걸
너를 사랑 하면 할 수록
멀리 떠나가도록
스치듯 시간의 흐름속에
이제 지나간 기억이라고
떠나며 말하던 너에게
시간이 흘러지날수록
너를 사랑하면 할 수 록
너에게 난 아픔이었다는 걸
너를 사랑하면 할수록"
870,Charlie Parker,If I Should Lose You (Feat. Roland Kirk),20170221,2017,N/A
871,Friends In My Childhood,그대가 내게 온다면,20001110,2000,"그대가 내게 온다면
내 모든걸 줄텐데
내게 남겨진 날 모두
그대 위하고만 싶어
그대가 곁에 있다면
나 얘기해 줄텐데
지켜만 보던 시간들
숨은 내 외로움 까지
매일 스쳐만가는 눈빛이
날 더아프게 해
너무 지치고 힘들어
내게 다가와 사랑은 언제까지나
내안에 난 두기 싫어
그대 마음에 이제는 머물고 싶어
나 그대를 향한 사랑을 알아줘
바라보는 그대를 기다려왔어
조금만 가까이 있어줘
그대가 내게 온다면
나의 모든걸 줄텐데

그대가 곁에 있다면
나 얘기해 줄텐데
지켜만 보던 시간들
숨은 내 외로움까지
매일 스쳐만 가는 눈빛이
날 더 아프게해
너무 지치고 힘들어
내게 다가와
사랑을 언제까지나
내 안에 난 두기 싫어
그대 마음에 이제는 머물고 싶어
나 그대를 향한 사랑을 알아줘
바라보는 그대를 기다려왔어
조금만 가까이 있어줘
그대가 내게 온다면
나의 모든걸 줄텐데"
872,The Real Me (Remaster),"Give It To H.E.R. (Feat. Leo Kekoa, Simon Dominic & Dok2)",20141223,2014,"그녀를 처음 만난 건
내가 열 다섯 살 때
그 만남은 내 삶을
송두리 째 바꿔놨네
초콜릿색 피부
그녀의 매력은 마치 마법같애
난 몇 번이고 맹세했지
너에겐 절대 안 변할게
언제나 그녀의 말과
행동을 따랐지
그것은 나에게 철학과 태도 uh
신념 또 변치 않을 삶의 방식
사람들은 그런 날
자꾸만 이상하게 봤지
지금까지도 한시도
잊을 수 없는 그녀의 목소리
그 동안 세상 사람들의
나를 향한 빈정거림 속에서
그녀에게 수천 통의 편질 적었지
그 누구도 나의 열정을
막을 순 없었지
그렇게 지나버린 몇 년
꿈이었던 것처럼
그녀의 모습은 왠지 흐릿해졌어
우연히 만난 뿌연 안개 속의 그녀
우린 운명처럼
다시 만나겠지 분명 yeah
She's so fascinate 정말로
I feelin all right
너도 날 놓치면 후회해
아직도 몰라
이런 감정 절대 숨길 수도 없고
시들해져도 우린 평생
헤어질 수도 없어
그녀가 제공하는
리듬들은 전부 sold out
눈길 한번으로
난 뻑갔지 knockout
Love love you loving you
uh like this
Give it to me lady
and I'll give it to you woah
It was really dark at the park
내가 널 처음 봤을 때
내 친구 카이를 통해
널 처음 소개 받았을 때
알 수 있었지
나도 사랑에 빠졌구나
내 얼굴은 붉게 지구
내 주위에선 올 것이 왔구나
I think 808 was thee area code
나는 슬슬 네 친구들을
알아가게 됐고
나의 지나친 집요함에
웃을 수 있는 너는 최고
네가 바람을 펴도
해바라기인 나는 마냥 웃고
라디오에서 네 이름을
부를 때마다 나는 흥분
곁에 있을 수 있다면
이 세상 살기 충분
어떤 부류와도 섞일 수 있는
너야 말로 자유 분방
모카 피부색을 가진 그녀는
love of my life
몇 년이 지났는데도
너만 보면 가슴이 벅차
다른 여자들은 관심 밖이야
거들떠도 안 봐
이대로라면 정말
dream come true
훗날에 내가 청혼을 한다면
say I do
She's so fascinate 정말로
I feelin all right
너도 날 놓치면 후회해
아직도 몰라
이런 감정 절대 숨길 수도 없고
시들해져도 우린 평생
헤어질 수도 없어
그녀가 제공하는
리듬들은 전부 sold out
눈길 한번으로
난 뻑갔지 knockout
Love love you loving you
uh like this
Give it to me lady
and I'll give it to you woah
내 귀를 간지럽히는 목소리와
달콤한 속삭임
정신을 못 차릴 정도의
tha beauty of melodic
내 정신을 놓자니
널 놓칠까 두렵고
정신을 차리고 보자니
참을 수 없이 어지러워
I'm in love wit you
어디를 거닐든
나의 이 머리를
떠나지 않는 니 생각
my real love is true
완벽한 널 잃은
내 삶은 그 뭘 잃든
be sacrificed to make you mine
that's my word
girl come close to me
널 위해 모든 걸 바칠게
like I'm supposed to be
누구처럼 비싼 목걸이
반지는 못 주지만
never 한 번 잡은 이 손
쉽게 나 놓치지 않을게
like Double K
그래 너 없는 난
마치 물 없는 강
또는 꿈 없는 삶
언제나 그랬듯 난 이곳에
여전히 서있어
10년전 모습 그대로
널 처음 봤던 거기서
그녀의 까다로운
입맛 때매 피곤하지만
그래도 그녀가 없다면
내게는 lonely night
난 tough guy
그녀만 보면 거칠게 kissing
때론 사랑싸움에
헤매이는 일개의 길치 uh oh
설레였던 첫만남의 증거
it's true vibes
10년간의 열애설로 인한
my two lives
난 그녀만 안을래
아님 짤없네
절대 떠날 수 없는 그녀 삶은
eternally it's part of me
She's so fascinate 정말로
I feelin all right
너도 날 놓치면 후회해
아직도 몰라
이런 감정 절대 숨길 수도 없고
시들해져도 우린 평생
헤어질 수도 없어
그녀가 제공하는
리듬들은 전부 sold out
눈길 한번으로
난 뻑갔지 knockout
Love love you loving you
uh like this
Give it to me lady
and I'll give it to you woah"
873,Stand Up Again 1,"나의 영혼이 주를 바라봅니다 (Feat.김재은, 문정민, 안용호, 김나윤, 김재은(Kid), 김한빛, 서윤아)",20151026,2015,"예수 나를 오라 하네
예수 나를 오라 하네
어디든지 주를 따라
주와 같이 같이 가려네
나의 영혼이 주를 바라봅니다
나의 영혼이 주를 원하옵니다
나의 영혼이 주를 바라봅니다
나의 영혼이 주를 원하옵니다
주는 나의 노래가 되시는 분
주는 나의 힘이요
기쁨되시네
주는 나의 고난의 피할 바위
나의 요새요 산성이 되시네
주는 광야에 길 되시니
나의 발에 빛을 비춰주시네
주는 마르지 않는 나의 샘물
주는 내게 전부다 되시는 분
나의 영혼이 주를 바라봅니다
나의 영혼이 주를 원하옵니다
주는 나의 노래가 되시는 분
주는 나의 힘이요 기쁨되시네
주는 나의 고난의 피할 바위
나의 요새요 산성이 되시네
주는 광야에 길 되시니
나의 발에 빛을 비춰주시네
주는 마르지 않는 나의 샘물
주는 내게 전부다 되시는 분
주가 크신 은혜 내려
나를 항상 돌보시고
크신 영광 보여주며
나와 함께 함께 가시네
주의 인도하심 따라
주의 인도하심 따라
어디든지 주를 따라
주와 같이 같이 가려네
주가 크신 은혜 내려
나를 항상 돌보시고
크신 영광 보여주며
나와 함께 함께 가시네
주의 인도하심 따라
주의 인도하심 따라
어디든지 주를 따라
주와 같이 같이 가려네"
874,WE,Memory,20150226,2015,N/A
875,눈물 날 것 같은 날에는,눈물 날 것 같은 날에는,20200401,2020,"눈물 날 것 같은 날에는
나는 더 많이 웃어
월요일부터 금요일까지 잘 참다가
토요일에는 안 나가고 울어
그래야지 내 주변에 많은 사람들
니가 떠난 걸 모를 것 같아서
일요일은 이른 아침까지만 울게
부은 눈이 멀쩡해질
시간이 필요하잖아
내 사랑은 너로 알았던
그게 바보 같아서
울다 지쳐 잠시 잠들어도
널 기다리는 나
혼자 지내려 한 방이라
조금 비좁았나 봐
너를 담기엔 이 마음마저 비좁아서
너무 답답해 날 떠나갔나 봐
아직까지 이 방에는 모든 게 두 개
니가 쓰던 걸 버리지도 못 해
일요일은 이른 아침까지만 울게
부은 눈이 멀쩡해질
시간이 필요하잖아
내 사랑은 너로 알았던
그게 바보 같아서
울다 지쳐 잠시 잠들어도
널 사랑해 안 사랑하려고 해 봐도
왜 이렇게 쉽게 되지가 않아
니가 다시 돌아올 때까지만
일요일은 이른 아침까지만 울게
부은 눈이 멀쩡해질
시간이 필요하잖아
내 사랑은 너로 알았던
그게 바보 같아서
울다 지쳐 잠시 잠들어도
널 기다리는 나"
876,감성을 자극하는 일본애니메이션 테마,My Dearest,20170414,2017,N/A
877,호구의 사랑 OST,Kangaroo (Eng Ver.),20150331,2015,"1 2 3 4
A B C
Go back to the start
1 2 3
Count it back from the top
We're jumping like kangaroos
No need to be understood
We're dancing in the sun
And gonna have some fun
left or right
now you gotta choose your side
up and down
make a move to the rhythm
We're jumping like kangaroos
No need to be understood
We're dancing in the sun
And gonna have some fun
Never ever hesitate
Got a lot to celebrate
Search for me on your own
I'm gonna meet you there
Come on come as you are
Get ready on your mark
It's time for you to take a new step
Take a chance be yourself
Show your dance
Get your rhythm
1 2 3 4
left or right
now you gotta choose your side
up and down
make a move to the rhythm
We're jumping like kangaroos
No need to be understood
We're dancing in the sun
And gonna have some fun
Never ever hesitate
Got a lot to celebrate
Search for me on your own
I'm gonna meet you there
Come on come as you are
Get ready on your mark
It's time for you to take a new step
Take a chance be yourself
Show your dance
Get your rhythm
Take a chance be yourself
Show your dance
Get your rhythm"
878,Fire Starter V2,Open Letter (Feat. L-D.U.B.S. & R-Swift),20180608,2018,N/A
879,Fly With You,Fly With You,20170514,2017,N/A
880,Crom‘s Techno Works,Jazz Cafe,19980601,1998,"위스키 브랜디 블루 진 하이힐
콜라 피자 발렌타인 데이
까만 머리 까만 눈 의
사람들의 목 마다
걸려있는 넥타이
어느 틈에 우리를 둘러싼
우리에게서 오지 않은 것 들
우리는 어떤 의미를 입고
먹고 마시는가
빨간 립스틱 하얀 담배연기
테이블 위엔 보석 색깔 칵테일
촛불 사이로 울리는 내 피아노
밤이 깊어도 많은 사람들
토론하는 남자 술에 취한 여자
모두가 깊이 숨겨 둔 마음을
못 본체 하며
목소리만 높여서 얘기하네
흔들리는 사람 들
한 밤의 재즈 카페
하지만 내 노래는
누굴 위한 걸까
흔들리는 사람 들
한 밤의 재즈 카페
하지만 내 노래는
누굴 위한 걸까

사람들 돌아가고 문을 닫을 무렵
구석자리의 숙녀는
마지막 메모를 전했네
노래가 흐르면 눈물도 흐르고
타인은 알지 못하는 노래에
담긴 사연이
초록색 구두위로 떨어지네
흔들리는 사람 들
한 밤의 재즈 카페
하지만 내 노래는
누굴 위한 걸까
흔들리는 사람 들
한 밤의 재즈 카페
하지만 내 노래는
누굴 위한 걸까"
881,Love That You Love,Final Goodbye,20151204,2015,N/A
882,Summer Bossanova Compilation,Flying!,20110623,2011,N/A
883,The Ultimate Classic Blues Album: The Best of Chilled Blues & Cool Blues Songs & Hits,When the Levee Breaks,20130903,2013,N/A
884,기억 OST,다시 산다면,20160509,2016,"바람이 날 본다
해저녁 날 본다
고단한 새처럼 날아가지 못한
나의 어깨 거두려
흔적마저 무뎌진 날 위해
타버린 나를 봐
길 잃은 나를 봐
언제라도 볼 수 있는
다가갈 수 있는
사람이라 생각했을 때
모두 사라져버린 텅 빈 날
다시 산다면 지금 내 여긴 어딜까
떠나버리면 잊을 수 있을까
흘러 흘러 날 다시 본다면
외로움마저 그리워질까
그대만이 아는 나의 뒷모습
감출수록 커져버린
미쳐버린 후회만 남았을 때
내 이름 불러 줄 수 있니
다시 산다면 지금 내 여긴 어딜까
떠나버리면 잊을 수 있을까
아플 텐데 더 그리울 텐데
모두 다 소중 할 텐데
다시 산다면 눈물도 말라버릴까
서럽지 못할 지난 날 보내고
혹시라도 늦은 게 아니면
매일매일 다시 사랑 할 텐데
혹시 늦은 게 아니라면"
885,첫번째 싱글,그대뿐이죠 (Album Ver.),20140919,2014,"찬바람이 불어올 때면
나도 몰래 생각나네요
그대란 추억이 내겐
가슴을 벅차게 했죠
바보처럼 늘 웃게 되고
내 심장을 뛰게 하는 건
그게 너란 걸 오직 너란 걸
꼭 하고 싶어 했던 그 말
그대 날 보아요 내 눈을 보아요
내 곁에 있어요 아직 사랑하니까
그대만이 내 전부야
너무 오래 걸려서 아파도
내겐 그대뿐이죠
아이처럼 설레게 되고
이유 없이 웃게 하는 건
그게 너란 걸 오직 너란 걸
꼭 하고 싶어 했던 그 말
그대 날 보아요 내 눈을 보아요
내 곁에 있어요 아직 사랑하니까
그대만이 내 전부야
너무 오래 걸려서 아파도
내겐 그대뿐이죠
긴 시간이 다 지나고 나면
웃으면서 전 할 수 있겠죠
그대만 보아요 한사람만 봐요
내 곁에 있어요 나의 사랑이니까
그대만이 내 전부야
다음세상에라도 한사람
내겐 그대뿐이죠"
886,Music For Cars EP,Me,20130305,2013,"I got a plane in the middle of
the night don't you mind
I nearly killed somebody don't
you mind don't you mind
I gave you something you can
never give back don't you mind
You've seen your face like a
heart attack don't you mind
don't you mind
I was late but I arrived
I'm sorry but I'd rather be
getting high than watching my
family die
Exaggerate and
you and I
Oh I think I did something
terrible to your body
don't you mind
I put your mother through hell
don't you mind
I hurt your brother as well
don't you mind don't you mind
Oh I was thinking 'bout killing
myself don't you mind
I love you don't you mind don't
you mind
I put your mother through hell
don't you mind
I had your brother as well don't
you mind don't you mind
Oh I was thinking bout killing
myself don't you mind
I love you don't you mind don't
you mind"
887,감성클래식 명곡모음,Mozart : Piano Sonata No.9 In D Major K.311 - I. Allegro Con Spirito (모차르트 : 피아노 소나타 9번 라장조 - 1악장),20140902,2014,N/A
888,Diary Of The Streets 3 (Clean),Dream Last Night (Feat. Yfn Lucci),20180209,2018,N/A
889,Cheerful Sensibility,행복합니다,20070608,2007,"잘 가 마지막 인사로
사랑을 보냅니다
아직은 좀 부족한 사랑에
그대를 잡지 못 합니다
이젠 오랫동안 그댈
만나지 못하지만
그대가 그 동안 내게 줬던
사랑을 기억합니다
때론 아팠던 기억에
눈물도 났었지만
그대와 함께한 순간은
내 생애 가장 큰 선물이랍니다
My Love 부르고 불러도
보이지 않는 내 사랑
언젠가 다시 품에 안기길
난 기도합니다
My Love 이름만 들어도
눈물 나는 내 사랑아
어디든 내게 오는 날까지
행복해줘요
나는 행복합니다
그대와의 사랑과 이별 모두 다
소중한 추억이 있기에
무엇과도 바꿀수 없기에
너의 빈자리는
내가 항상 지켜줄께요
그대만을 사랑합니다
가끔 그리운 사랑에
눈물도 나겠지만
다시 돌아올 그댈 위해
웃음만 짓고 살아갈 나랍니다
My Love 버리고 버려도
지울 수 없는 내 사랑
끝없는 그리움에 지쳐도
난 기억합니다
My Love 평생을 살아도
하나뿐인 내 사랑아
눈감는 그날이 온다 해도
사랑해요
My Love 부르고 불러도
보이지 않는 내 사랑
언젠가 다시 품에 안기길
난 기도합니다
이름만 들어도
눈물 나는 내 사랑아
어디든 내게 오는 날까지
행복해줘요"
890,Before You Were Punk 2,This Way Out,19990824,1999,N/A
891,Secrets,Secrets,20180419,2018,N/A
892,The Bedroom Tour Playlist,Devil,20160322,2016,"Left hand, got the gun
One finger on the trigger
I might pull it once I feel the liquor
Put your bets on the table
Got you praying, call the bishop
Feel the bass when I hit it, pick up

They see us walking
We're the talk of the town
There ain't no stopping us now

Call the bishop
Save me cause the Lord ain't listening now
We're the talk of the town
Call me what you want
I'm a rebel 'til the devil go down
I'm a rebel, I'm a rebel 'til the devil, 'til the devil go down

Pop pop, it was nice to knew ya
Feel the scream on your lips, that's the hallelujah
Got the fear in your eyes when I'm here for the fight
Thank your girl for last night, ask her how she doing

They see us walking
We're the talk of the town
There ain't no stopping us now

Call the bishop
Save me cause the Lord ain't listening now
We're the talk of the town
Call me what you want
I'm a rebel 'til the devil go down
I'm a rebel, I'm a rebel 'til the devil, 'til the devil go down

I'm calling shotgun
I'll call it 20 more times like I forgot something
You're fucking with the wrong one
Cause the devil won't die and a rebel don't run

Call the bishop
Save me cause the Lord ain't listening now
We're the talk of the town
Call me what you want
I'm a rebel 'til the devil go down
I'm a rebel, I'm a rebel 'til the devil, 'til the devil go down"
893,http:// Part.2,Kowloon,20170126,2017,N/A
894,Lunch De Piano Part3,夜明けのスキャット / Yoakeno Scat (새벽의 스캣),20140617,2014,N/A
895,Dizzy Kissin`,You Can`t Stop,20040402,2004,N/A
896,Neon Bible,My Body Is A Cage,20070307,2007,"My body is a cage that keeps me
From dancing with the one I love
But my mind holds the key

My body is a cage that keeps me
From dancing with the one I love
But my mind holds the key

I'm standing on a stage
Of fear and self-doubt
It's a hollow play
But they'll clap anyway

My body is a cage that keeps me
From dancing with the one I love
But my mind holds the key

You're standing next to me
My mind holds the key

I'm living in an age
That calls darkness light
Though my language is dead
Still the shapes fill my head

I'm living in an age
Whose name I don't know
Though the fear keeps me moving
Still my heart beats so slow

My body is a cage that keeps me
From dancing with the one I love
But my mind holds the key

You're standing next to me
My mind holds the key
My body is a

My body is a cage
We take what we're given
Just because you've forgotten
That don't mean you're forgiven

I'm living in an age
That screams my name at night
But when I get to the doorway
There's no one in sight

My body is a cage that keeps me
From dancing with the one I love
But my mind holds the key

You're standing next to me
My mind holds the key

Set my spirit free
Set my spirit free
Set my body free"
897,On and On,On and On,20180901,2018,N/A
898,"3 Little Wacks - Young,Gifted & Wack 3rd Anniversary Compilation",Easy Word (Feat. Moment aka Swag Cat),20150810,2015,N/A
899,티디 드라큘라가족 크리스마스 버전,드라큘라 가족,20181215,2018,"나는 엄마 드라큘라
뚜루뚜 뚜루 루뚜뚜
나는 엄마 드라큘라
우리 가족을 사랑해!

나는 아빠 드라큘라
뚜루뚜 뚜루 루뚜뚜
나는 아빠 드라큘라
우리 가족을 사랑해!

나는 누나 드라큘라
뚜루뚜 뚜루 루뚜뚜
나는 누나 드라큘라
우리 가족을 사랑해!

나는 꼬마 드라큘라
뚜루뚜 뚜루 루뚜뚜
나는 꼬마 드라큘라
우리 가족을 사랑해!

쉿! 생일 축하해요!

우린 행복한 가족
뚜루뚜 뚜루 루뚜뚜
우린 행복한 가족
서로서로 사랑해!
서로서로 사랑해!"
900,Dears (All Singles Best),初戀 / Hatsukoi (첫사랑),20141105,2014,"寂しくないですか?
사비시쿠나이데스카?
외롭지 않습니까?
凍えてないですか?
코고에테나이데스카?
마음이 얼어붙지 않았습니까?
ボクの祈りは君のもとへ ？いてますか?
보쿠노이노리와키미노모토에 토도이테마스카?
제 바람은 그대의 곁에 전해지고 있습니까?


辛い時はいつも 君を想っているんだよ
츠라이토키와이츠모 키미오오못테이룬다요
괴로울 때는 언제나 너를 생각해
この胸の中、ひとつになって
코노무네노나카 히토츠니낫테
이 가슴 속에서 하나가 되어
感じることで 踏み出せたんだよ
칸지루코토데 후미다세탄다요
느끼는 것만으로 내디딜 수 있었어
愛情って ？がってるんだね
아이죠웃테 츠나갓테룬다네
애정은 이어져 있는 거구나
愛情って 消えないんだね
아이죠웃테 키에나인다네
애정은 사라지지 않는 거구나
ありがとう ごめんね
아리가토우 고멘네
고마워 미안해
ありがとう サヨナラ
아리가토우 사요나라
고마워 잘 가
ずっと 君のものだよ
즛토 키미노모노다요
영원히 네 거야
いつも側にいるよ
이츠모소바니이루요
언제나 곁에 있어
その手が凍えてしまわない？に
소노테가코고에테시마와나이요우니
그 손이 얼어붙지 않도록
何度でもボクは 君の名前を
난도데모보쿠와 키미노나마에오
몇 번이고 네 이름을
つぶやいて ？いているよ
츠부야이테 아루이테이루요
중얼거리며 걸어가고 있어


ボクは？づいていたよ
보쿠와키즈이테이타요
나는 어느 정도 알고 있었어
君が想っていること
키미가오못테이루코토
네가 생각하고 있는 것
心のどこかでボクが 君を苦しめていることも
코코로노도코카데보쿠가 키미오쿠루시메테이루코토모
마음 어딘가에서 너를 괴롭게 한 것도 말이야
大丈夫 分かっているよ
다이죠우부 와캇테이루요
괜찮아 알고 있어
大丈夫 許しているよ
다이죠우부 유루시테이루요
괜찮아 용서하니까
ありがとう ごめんね
아리가토우 고멘네
고마워 미안해
ありがとう サヨナラ
아리가토우 사요나라
고마워 잘 가
いつか 逢いに行くよ
이츠카 아이니유쿠요
언젠가 만나러 갈게
背負うのではなく 支える力に なりたいだけだよ
세오우노데와나쿠 사사에루치카라니 나리타이다케다요
짊어지는 게 아니라 받쳐주는 힘이 되고 싶은 것뿐이야
その手離してもいいよ 進んでもいいよ
소노테하나시테모이이요 스슨데모이이요
그 손 놓아도 돼 나아가도 돼
遠くから 見守っているよ
토오쿠카라 미마못테이루요
멀리서 너를 지켜보고 있어


最初からやり直せればいいのに
사이쇼카라야리나오세바이이노니
처음부터 새로이 하면 좋을 텐데
きっと交わることはないんだね
킷토마지와루코토와나인다네
분명 어울릴 일은 없었겠지
ありがとう ごめんね
아리가토우 고멘네
고마워 미안해
ありがとう サヨナラ
아리가토우 사요나라
고마워 잘 가
ずっと 好きだったんだよ
즛토 스키닷탄다요
계속 너를 좋아했어
この夜を超えて
코노요루오코에테
이 밤을 뛰어넘어서
ボクらの想いが？ってるなら…
보쿠라노오모이가츠나갓테루나라
우리의 마음이 이어졌다면
「君を感じてる」
「키미오칸지테루」
「너를 느껴」
ただそれだけで
타다소레다케데
단지 그거만으로
？くなれた？がしたよ
츠요쿠나레타키가시타요
강해진 기분이 들어
？くなれた？がしたよ
츠요쿠나레타키가시타요
강해진 기분이 들어"
